Lineage,Lineage_type,Mutation,Proportion_of_GT_mutations,Proportion_of_GT_mutations_CI_lower,Proportion_of_GT_mutations_CI_upper
Alpha,Non-Omicron,A[G>T]A,0.051960266,0.050586358,0.053369391
Alpha,Non-Omicron,A[G>T]C,0.063128323,0.061620793,0.064670193
Alpha,Non-Omicron,A[G>T]G,0.060504002,0.059026509,0.062016041
Alpha,Non-Omicron,A[G>T]T,0.075225284,0.073588393,0.076895564
Alpha,Non-Omicron,C[G>T]A,0.098648866,0.096795192,0.100534087
Alpha,Non-Omicron,C[G>T]C,0.104044084,0.102145517,0.105973774
Alpha,Non-Omicron,C[G>T]G,0.093075938,0.091270446,0.094913416
Alpha,Non-Omicron,C[G>T]T,0.093070968,0.091265519,0.094908402
Alpha,Non-Omicron,G[G>T]A,0.041441521,0.040209926,0.04270916
Alpha,Non-Omicron,G[G>T]C,0.046674456,0.045369746,0.048014799
Alpha,Non-Omicron,G[G>T]G,0.022576891,0.02166419,0.023527119
Alpha,Non-Omicron,G[G>T]T,0.02992659,0.028876747,0.031013383
Alpha,Non-Omicron,T[G>T]A,0.04720056,0.045888765,0.048547946
Alpha,Non-Omicron,T[G>T]C,0.069693276,0.068113803,0.071306573
Alpha,Non-Omicron,T[G>T]G,0.044337083,0.043064419,0.045645564
Alpha,Non-Omicron,T[G>T]T,0.058491893,0.057037967,0.059980523
Beta,Non-Omicron,A[G>T]A,0.055708933,0.049475151,0.062676369
Beta,Non-Omicron,A[G>T]C,0.067992187,0.061106788,0.075590957
Beta,Non-Omicron,A[G>T]G,0.065685651,0.058916875,0.073171607
Beta,Non-Omicron,A[G>T]T,0.075933575,0.068664239,0.083903168
Beta,Non-Omicron,C[G>T]A,0.091895853,0.083925305,0.100540301
Beta,Non-Omicron,C[G>T]C,0.103279907,0.094856859,0.112358056
Beta,Non-Omicron,C[G>T]G,0.090389338,0.082481426,0.098973637
Beta,Non-Omicron,C[G>T]T,0.088296975,0.080477205,0.096796587
Beta,Non-Omicron,G[G>T]A,0.041107907,0.035769368,0.047204211
Beta,Non-Omicron,G[G>T]C,0.053909315,0.047777923,0.060777333
Beta,Non-Omicron,G[G>T]G,0.025632798,0.021466549,0.030582366
Beta,Non-Omicron,G[G>T]T,0.028371117,0.023973914,0.033547117
Beta,Non-Omicron,T[G>T]A,0.043502889,0.038006336,0.049753252
Beta,Non-Omicron,T[G>T]C,0.062400843,0.055802505,0.069721785
Beta,Non-Omicron,T[G>T]G,0.048179076,0.042387583,0.054716657
Beta,Non-Omicron,T[G>T]T,0.057713636,0.05136805,0.064789566
Gamma,Non-Omicron,A[G>T]A,0.053322643,0.04968555,0.057209951
Gamma,Non-Omicron,A[G>T]C,0.060044303,0.056189728,0.064145328
Gamma,Non-Omicron,A[G>T]G,0.058557783,0.054750009,0.062612839
Gamma,Non-Omicron,A[G>T]T,0.075668871,0.071360065,0.080215375
Gamma,Non-Omicron,C[G>T]A,0.108173984,0.10308445,0.113483007
Gamma,Non-Omicron,C[G>T]C,0.104222933,0.099218986,0.109448582
Gamma,Non-Omicron,C[G>T]G,0.100079752,0.095168015,0.105215513
Gamma,Non-Omicron,C[G>T]T,0.094537198,0.089752993,0.099548531
Gamma,Non-Omicron,G[G>T]A,0.03483512,0.031893942,0.038036869
Gamma,Non-Omicron,G[G>T]C,0.049290738,0.045791918,0.053042032
Gamma,Non-Omicron,G[G>T]G,0.01992886,0.017720542,0.0224061
Gamma,Non-Omicron,G[G>T]T,0.025891678,0.023363315,0.028685622
Gamma,Non-Omicron,T[G>T]A,0.048746607,0.045266944,0.052479049
Gamma,Non-Omicron,T[G>T]C,0.066125266,0.062086166,0.070407409
Gamma,Non-Omicron,T[G>T]G,0.04471723,0.041383416,0.048306079
Gamma,Non-Omicron,T[G>T]T,0.055857035,0.052136134,0.059826731
Delta,Non-Omicron,A[G>T]A,0.052313326,0.05161298,0.053022644
Delta,Non-Omicron,A[G>T]C,0.068037143,0.067244364,0.068838579
Delta,Non-Omicron,A[G>T]G,0.065506659,0.064727807,0.066294218
Delta,Non-Omicron,A[G>T]T,0.077962879,0.077118394,0.078815822
Delta,Non-Omicron,C[G>T]A,0.082240858,0.081375381,0.083114708
Delta,Non-Omicron,C[G>T]C,0.091800391,0.090890462,0.0927185
Delta,Non-Omicron,C[G>T]G,0.101085996,0.100135778,0.102044209
Delta,Non-Omicron,C[G>T]T,0.090544854,0.089640582,0.091457331
Delta,Non-Omicron,G[G>T]A,0.038882281,0.038274953,0.03949885
Delta,Non-Omicron,G[G>T]C,0.051444798,0.050750016,0.052148569
Delta,Non-Omicron,G[G>T]G,0.027588992,0.027075225,0.028112226
Delta,Non-Omicron,G[G>T]T,0.034678109,0.034103589,0.035261955
Delta,Non-Omicron,T[G>T]A,0.044076276,0.04343107,0.044730619
Delta,Non-Omicron,T[G>T]C,0.071055899,0.070246919,0.071873475
Delta,Non-Omicron,T[G>T]G,0.04738947,0.046721421,0.048066589
Delta,Non-Omicron,T[G>T]T,0.055392068,0.054672428,0.056120619
BA.1,Omicron,A[G>T]A,0.050268836,0.048694632,0.051891155
BA.1,Omicron,A[G>T]C,0.062450056,0.060703554,0.064243369
BA.1,Omicron,A[G>T]G,0.074947311,0.073044118,0.076895978
BA.1,Omicron,A[G>T]T,0.083472591,0.08147176,0.085517985
BA.1,Omicron,C[G>T]A,0.094479718,0.092362022,0.096640799
BA.1,Omicron,C[G>T]C,0.08710806,0.085067558,0.089192736
BA.1,Omicron,C[G>T]G,0.10497746,0.102756603,0.107240579
BA.1,Omicron,C[G>T]T,0.093286548,0.091181066,0.095435543
BA.1,Omicron,G[G>T]A,0.037489875,0.036125056,0.038904177
BA.1,Omicron,G[G>T]C,0.048229299,0.046686273,0.049820658
BA.1,Omicron,G[G>T]G,0.028882099,0.027682145,0.030132456
BA.1,Omicron,G[G>T]T,0.033574714,0.032281963,0.034917366
BA.1,Omicron,T[G>T]A,0.038681682,0.037295766,0.040116952
BA.1,Omicron,T[G>T]C,0.060918024,0.059192017,0.062691007
BA.1,Omicron,T[G>T]G,0.046118649,0.044608704,0.047677153
BA.1,Omicron,T[G>T]T,0.055115078,0.05346964,0.056808112
BA.2,Omicron,A[G>T]A,0.053014288,0.051486946,0.05458433
BA.2,Omicron,A[G>T]C,0.062321153,0.060671221,0.064012897
BA.2,Omicron,A[G>T]G,0.074793187,0.072995333,0.076631661
BA.2,Omicron,A[G>T]T,0.077569649,0.075741009,0.079438644
BA.2,Omicron,C[G>T]A,0.073133208,0.071354107,0.074953087
BA.2,Omicron,C[G>T]C,0.089447368,0.087494495,0.091439461
BA.2,Omicron,C[G>T]G,0.096901498,0.094876155,0.098965349
BA.2,Omicron,C[G>T]T,0.101549998,0.099481366,0.103656694
BA.2,Omicron,G[G>T]A,0.038854113,0.037540382,0.040211898
BA.2,Omicron,G[G>T]C,0.051992868,0.050479737,0.053548797
BA.2,Omicron,G[G>T]G,0.044863916,0.043454829,0.046316482
BA.2,Omicron,G[G>T]T,0.037834921,0.03653817,0.039175823
BA.2,Omicron,T[G>T]A,0.03711254,0.03582798,0.03844132
BA.2,Omicron,T[G>T]C,0.059068887,0.057460464,0.060719432
BA.2,Omicron,T[G>T]G,0.049337348,0.047861944,0.050855804
BA.2,Omicron,T[G>T]T,0.052205057,0.05068896,0.053763932
BA.4,Omicron,A[G>T]A,0.049831452,0.043495312,0.057035565
BA.4,Omicron,A[G>T]C,0.060200871,0.053227378,0.068022344
BA.4,Omicron,A[G>T]G,0.072634837,0.064977922,0.081115758
BA.4,Omicron,A[G>T]T,0.07678759,0.068918548,0.085472631
BA.4,Omicron,C[G>T]A,0.073298173,0.065606878,0.081812195
BA.4,Omicron,C[G>T]C,0.092180811,0.083583423,0.101564518
BA.4,Omicron,C[G>T]G,0.143681008,0.133128096,0.154920941
BA.4,Omicron,C[G>T]T,0.092548206,0.083934435,0.101947588
BA.4,Omicron,G[G>T]A,0.037319544,0.031863533,0.043667652
BA.4,Omicron,G[G>T]C,0.050032043,0.043682879,0.057248794
BA.4,Omicron,G[G>T]G,0.034840284,0.029577438,0.041000008
BA.4,Omicron,G[G>T]T,0.032069751,0.027031876,0.038009845
BA.4,Omicron,T[G>T]A,0.033912263,0.028723651,0.039999542
BA.4,Omicron,T[G>T]C,0.057429785,0.050619887,0.065093006
BA.4,Omicron,T[G>T]G,0.040849792,0.035130571,0.047454303
BA.4,Omicron,T[G>T]T,0.05238359,0.045883926,0.059746306
BA.5,Omicron,A[G>T]A,0.050911413,0.047785234,0.054230463
BA.5,Omicron,A[G>T]C,0.058525926,0.055179637,0.062061817
BA.5,Omicron,A[G>T]G,0.065969195,0.062423695,0.0697011
BA.5,Omicron,A[G>T]T,0.078089683,0.074247416,0.082113149
BA.5,Omicron,C[G>T]A,0.067967379,0.06437075,0.071749554
BA.5,Omicron,C[G>T]C,0.086703587,0.082667775,0.090916898
BA.5,Omicron,C[G>T]G,0.129223688,0.124387055,0.134219559
BA.5,Omicron,C[G>T]T,0.102067411,0.097715766,0.106589957
BA.5,Omicron,G[G>T]A,0.037135155,0.034461821,0.040007277
BA.5,Omicron,G[G>T]C,0.047690107,0.044662838,0.05091163
BA.5,Omicron,G[G>T]G,0.044946449,0.042006505,0.048081826
BA.5,Omicron,G[G>T]T,0.030755122,0.028323835,0.033387937
BA.5,Omicron,T[G>T]A,0.038154025,0.035444233,0.041062167
BA.5,Omicron,T[G>T]C,0.05769843,0.054375208,0.061211608
BA.5,Omicron,T[G>T]G,0.047436407,0.04441709,0.050650088
BA.5,Omicron,T[G>T]T,0.056726024,0.053430162,0.06021226