Lineage,Week,Number_of_mutations,Proportion_GT,Proportion_GT_CI_lower,Proportion_GT_CI_upper
Alpha,1,27,0.320488722,0.186430544,0.521755801
Alpha,2,71,0.270460752,0.178526665,0.380542088
Alpha,3,91,0.269251887,0.193550497,0.374149753
Alpha,4,91,0.269251887,0.193550497,0.374149753
Alpha,5,110,0.257190729,0.182380758,0.343275944
Alpha,6,122,0.268144241,0.19956918,0.355426943
Alpha,7,202,0.219209938,0.166453845,0.279722244
Alpha,8,522,0.175515997,0.14595703,0.211263852
Alpha,9,756,0.167330254,0.143032298,0.196303689
Alpha,10,994,0.156379422,0.134710761,0.1798097
Alpha,11,1256,0.152415182,0.133273674,0.172988319
Alpha,12,2284,0.141623273,0.127729335,0.156312008
Alpha,13,4716,0.126954694,0.117813178,0.136822825
Alpha,14,6570,0.119747742,0.112156399,0.127861797
Alpha,15,10047,0.121036641,0.114797742,0.127554262
Alpha,16,14978,0.121171602,0.11604837,0.126501357
Alpha,17,24906,0.119159094,0.11520294,0.123250668
Alpha,18,34978,0.117682134,0.114339015,0.12109289
Alpha,19,49141,0.117754913,0.114943093,0.120643007
Alpha,20,60881,0.119550264,0.116991544,0.122145837
Alpha,21,75498,0.120010156,0.117717563,0.122353954
Alpha,22,90898,0.121732271,0.119620173,0.123871501
Alpha,23,109204,0.124006051,0.122064831,0.125974515
Alpha,24,131602,0.127253954,0.125465226,0.129066345
Alpha,25,157725,0.130405335,0.128751261,0.132075111
Alpha,26,187540,0.133271297,0.131742181,0.134818646
Alpha,27,218988,0.136485764,0.135055415,0.1379312
Alpha,28,253436,0.139543045,0.138198511,0.140896683
Alpha,29,290715,0.14358732,0.14231733,0.144866813
Alpha,30,330371,0.147113818,0.145909612,0.148325389
Alpha,31,367191,0.149788301,0.148637909,0.150946478
Alpha,32,405669,0.152470704,0.151368667,0.153581108
Alpha,33,439058,0.154517991,0.153451051,0.155589337
Alpha,34,467444,0.156251115,0.155213794,0.1572956
Alpha,35,491052,0.157595999,0.156579903,0.158618143
Alpha,36,508934,0.15858948,0.15758927,0.159596501
Alpha,37,523058,0.159444715,0.158455402,0.160439666
Alpha,38,535595,0.16053116,0.159551029,0.161517331
Alpha,39,543631,0.161341003,0.160365607,0.162321292
Alpha,40,549935,0.16195486,0.160984151,0.16293158
BA.1,1,31,0.068763864,0.017874408,0.207189883
BA.1,2,75,0.101772929,0.05504847,0.196615626
BA.1,3,477,0.109015249,0.084106892,0.140169876
BA.1,4,1531,0.121587296,0.10606486,0.138808357
BA.1,5,5076,0.10639641,0.098196462,0.115164836
BA.1,6,18940,0.094774946,0.090683306,0.09902698
BA.1,7,41634,0.092329267,0.089585109,0.095146887
BA.1,8,82721,0.090687348,0.088752381,0.09266642
BA.1,9,137538,0.089788027,0.088286682,0.091308424
BA.1,10,206277,0.090250627,0.089023471,0.091496646
BA.1,11,279367,0.090326488,0.089268295,0.09139423
BA.1,12,346309,0.090370524,0.089419775,0.091329635
BA.1,13,414569,0.090292968,0.089425124,0.091170019
BA.1,14,482608,0.090593498,0.089786634,0.091406271
BA.1,15,536834,0.090740243,0.089973951,0.091510725
BA.1,16,574432,0.091064246,0.090322594,0.091810612
BA.1,17,612824,0.091405297,0.090685734,0.092128809
BA.1,18,638314,0.091629292,0.090923579,0.092339106
BA.1,19,656738,0.091688098,0.090992431,0.092388365
BA.1,20,668733,0.091746752,0.091057099,0.092440855
BA.1,21,675693,0.091754152,0.091068676,0.092445341
BA.1,22,680422,0.091785298,0.09110195,0.092474031
BA.1,23,682887,0.091822293,0.0911393,0.092509146
BA.1,24,684391,0.091889339,0.09120689,0.092575678
BA.1,25,685368,0.091902396,0.091220789,0.092588691
BA.1,26,685947,0.091930525,0.091248374,0.092615882
BA.1,27,686450,0.09193951,0.091258437,0.09262551
BA.1,28,686716,0.091931245,0.09125065,0.092617405
BA.1,29,686834,0.09193299,0.09125238,0.092619029
BA.1,30,686894,0.091932785,0.091251661,0.092618245
BA.1,31,686928,0.091931807,0.091251495,0.092618044
BA.1,32,686949,0.091933741,0.091253057,0.092619596
BA.1,33,686950,0.091933646,0.091252924,0.092619461
BA.1,34,686965,0.091934725,0.091253833,0.092620361
BA.1,35,686968,0.09193427,0.091253434,0.092619956
BA.2,1,2,0,0,0
BA.2,2,6,0.202606635,0.030052586,0.563509437
BA.2,3,27,0.170627971,0.081805866,0.366990565
BA.2,4,345,0.10318406,0.076328998,0.141080852
BA.2,5,488,0.113900018,0.08943463,0.146091604
BA.2,6,1049,0.116035475,0.098285673,0.13711688
BA.2,7,2900,0.107208556,0.096494703,0.119027245
BA.2,8,6031,0.101777046,0.094427073,0.109694539
BA.2,9,11467,0.100900955,0.095518327,0.106545452
BA.2,10,18387,0.098850134,0.094643088,0.103272901
BA.2,11,27096,0.097350709,0.093884642,0.1009446
BA.2,12,40918,0.095860674,0.093035624,0.09874073
BA.2,13,57886,0.095679634,0.093318447,0.098111367
BA.2,14,79976,0.094892251,0.092879245,0.096941606
BA.2,15,108693,0.093306599,0.091593818,0.095052283
BA.2,16,146572,0.092361241,0.09089252,0.093857172
BA.2,17,190508,0.09181524,0.090529156,0.093122639
BA.2,18,239146,0.092332013,0.091178969,0.093499563
BA.2,19,286846,0.092433114,0.091378377,0.093498286
BA.2,20,345693,0.091972871,0.091012949,0.092939676
BA.2,21,403741,0.091757577,0.090870243,0.092651214
BA.2,22,455253,0.091362433,0.090528862,0.092202805
BA.2,23,510202,0.091552146,0.090763695,0.092346402
BA.2,24,560291,0.091822077,0.091068574,0.092580879
BA.2,25,611742,0.092199183,0.09147657,0.092926549
BA.2,26,662083,0.092576339,0.09188021,0.093276531
BA.2,27,707504,0.092837079,0.092163614,0.093516083
BA.2,28,749554,0.09317196,0.09251544,0.093831542
BA.2,29,793060,0.093597186,0.092957867,0.094239978
BA.2,30,837935,0.09413292,0.09350921,0.094759711
BA.2,31,881976,0.094751875,0.094142544,0.095365009
BA.2,32,927769,0.095654287,0.095057384,0.096254362
BA.2,33,971539,0.096414347,0.095828712,0.097002559
BA.2,34,1003700,0.097043222,0.096465361,0.097623606
BA.4,1,8,0,0,0
BA.4,2,18,0.129068887,0.031018868,0.328002449
BA.4,3,23,0.100146843,0.024179495,0.267964043
BA.4,4,34,0.140473738,0.064493464,0.301283882
BA.4,5,34,0.140473738,0.064493464,0.301283882
BA.4,6,39,0.150893331,0.072473738,0.297297699
BA.4,7,51,0.160483871,0.081691259,0.280107084
BA.4,8,64,0.143594063,0.07578487,0.246165084
BA.4,9,111,0.111045342,0.062931448,0.17950335
BA.4,10,126,0.114632885,0.067349179,0.177885014
BA.4,11,173,0.152877899,0.104670901,0.211100954
BA.4,12,272,0.15552594,0.11631115,0.202138279
BA.4,13,431,0.133532253,0.105560981,0.170037306
BA.4,14,599,0.125368842,0.10106984,0.154124228
BA.4,15,905,0.10927896,0.090683172,0.131403493
BA.4,16,1446,0.098722232,0.084553344,0.115359253
BA.4,17,2103,0.095935199,0.084185752,0.10939387
BA.4,18,2774,0.097237267,0.086852306,0.108926172
BA.4,19,3896,0.094819487,0.085912796,0.104310725
BA.4,20,5465,0.09475314,0.087300986,0.102838294
BA.4,21,7871,0.095204134,0.088872856,0.101841025
BA.4,22,11423,0.095631074,0.090339524,0.101125596
BA.4,23,15652,0.099236247,0.094634816,0.104002962
BA.4,24,20265,0.101079382,0.09698634,0.105286768
BA.4,25,25725,0.102847839,0.099204087,0.106628795
BA.4,26,30183,0.103660832,0.100278923,0.107157207
BA.5,1,120,0.13626678,0.083765372,0.205649494
BA.5,2,126,0.129309473,0.079695777,0.196345184
BA.5,3,148,0.117109385,0.07296363,0.176253975
BA.5,4,164,0.112726425,0.070561344,0.166814849
BA.5,5,190,0.131445803,0.090736234,0.187024577
BA.5,6,382,0.121003135,0.091504873,0.15689136
BA.5,7,438,0.125715359,0.097757298,0.159895218
BA.5,8,568,0.12032879,0.095542837,0.149003205
BA.5,9,851,0.107902532,0.088978818,0.130759669
BA.5,10,1307,0.116905592,0.100743884,0.135624568
BA.5,11,2143,0.118871019,0.105960537,0.133387163
BA.5,12,3394,0.116107109,0.105741637,0.127300892
BA.5,13,5968,0.11149806,0.103692894,0.11966226
BA.5,14,10777,0.116656673,0.110713112,0.122834666
BA.5,15,18874,0.117939386,0.113416037,0.122619506
BA.5,16,37057,0.116203527,0.112976207,0.119502097
BA.5,17,60729,0.117695365,0.115164323,0.120290518
BA.5,18,89400,0.117693936,0.115599755,0.119824599
BA.5,19,120100,0.118077013,0.116263727,0.119913911
BA.5,20,139810,0.118423254,0.116741774,0.120129206
Beta,1,1,0,0,0
Beta,2,2,0,0,0
Beta,3,2,0,0,0
Beta,4,6,0,0,0
Beta,5,17,0.165533981,0.061910137,0.41029929
Beta,6,38,0.158373561,0.074437622,0.304171226
Beta,7,65,0.212520764,0.132866376,0.329667905
Beta,8,93,0.209855995,0.143749134,0.308965402
Beta,9,135,0.171217749,0.116292528,0.242689218
Beta,10,202,0.224599987,0.170865926,0.285026372
Beta,11,248,0.21341853,0.167260165,0.268893354
Beta,12,418,0.220123146,0.183025253,0.262264164
Beta,13,590,0.215826161,0.183988171,0.250204381
Beta,14,766,0.213352378,0.185279364,0.24317449
Beta,15,1075,0.213683168,0.190479345,0.239464773
Beta,16,1429,0.216072294,0.195666003,0.238325864
Beta,17,1819,0.21567637,0.197217338,0.234987852
Beta,18,2276,0.215238814,0.198890765,0.232648689
Beta,19,2881,0.225968317,0.211062353,0.241593904
Beta,20,3368,0.223250628,0.209533117,0.237653252
Beta,21,3892,0.220418213,0.207707254,0.233748477
Beta,22,4412,0.217425065,0.205439879,0.22977537
Beta,23,5068,0.212504428,0.201466891,0.223988352
Beta,24,5737,0.207535051,0.197301735,0.218289178
Beta,25,6426,0.200513475,0.190827861,0.210401556
Beta,26,7251,0.197019391,0.18808157,0.20639177
Beta,27,8258,0.192662164,0.184298979,0.201310157
Beta,28,9468,0.189131922,0.181401336,0.197177799
Beta,29,10807,0.184967385,0.177764547,0.192404747
Beta,30,12081,0.182472021,0.175649692,0.189422665
Beta,31,13403,0.181966007,0.175533653,0.188596971
Beta,32,14745,0.181318101,0.175213568,0.187651648
Beta,33,15893,0.179537373,0.173623922,0.185556961
Beta,34,16930,0.179262236,0.173562508,0.185118159
Beta,35,17911,0.178544924,0.173009852,0.184226999
Beta,36,18881,0.179298506,0.173874651,0.184817349
Beta,37,19594,0.1782911,0.172972913,0.183690935
Beta,38,20140,0.177893049,0.17268445,0.183247737
Beta,39,20904,0.177854115,0.172736155,0.183103618
Beta,40,21549,0.177992687,0.172963015,0.18317757
Delta,1,147,0.238281954,0.176468259,0.31306248
Delta,2,1448,0.237116716,0.215693231,0.259456125
Delta,3,1908,0.235979267,0.217342522,0.255417146
Delta,4,2088,0.239447505,0.221647591,0.258236546
Delta,5,2354,0.244079239,0.227334142,0.26202935
Delta,6,2882,0.242640783,0.227240512,0.25852475
Delta,7,3378,0.2496919,0.235252126,0.264428758
Delta,8,4049,0.255628472,0.242418495,0.269282135
Delta,9,5013,0.258543711,0.246595805,0.270829661
Delta,10,6152,0.256897674,0.246063905,0.2678937
Delta,11,7572,0.252530162,0.24285071,0.262418777
Delta,12,9529,0.248108546,0.239515512,0.256857112
Delta,13,12316,0.241359771,0.233916953,0.249030945
Delta,14,16800,0.240506829,0.234132338,0.247057725
Delta,15,22650,0.239017919,0.233518924,0.244626981
Delta,16,30721,0.239380619,0.234641376,0.244184253
Delta,17,43737,0.238171325,0.234204587,0.242188661
Delta,18,67318,0.234356294,0.231165697,0.237565414
Delta,19,92802,0.231963312,0.22926242,0.234693736
Delta,20,127163,0.229446133,0.227142774,0.231764917
Delta,21,178578,0.226276584,0.22434169,0.228223033
Delta,22,241756,0.223995667,0.222336882,0.225660771
Delta,23,312919,0.222735028,0.221280496,0.224196226
Delta,24,385202,0.222379272,0.221068963,0.223695429
Delta,25,465286,0.222232966,0.221040896,0.223430105
Delta,26,556302,0.221027822,0.219938958,0.22211975
Delta,27,648419,0.219225266,0.21822018,0.22023421
Delta,28,738897,0.217460067,0.216521485,0.218402694
Delta,29,823471,0.216500185,0.215612394,0.217391535
Delta,30,898681,0.215388963,0.214540268,0.216240161
Delta,31,974863,0.213906781,0.21309409,0.214722124
Delta,32,1050534,0.212251721,0.211471173,0.213035041
Delta,33,1123687,0.210326735,0.209573818,0.211080889
Delta,34,1203254,0.20797231,0.207248459,0.208698834
Delta,35,1283876,0.205668636,0.204970333,0.206368661
Delta,36,1373958,0.203320795,0.202648476,0.203994434
Delta,37,1464175,0.200534436,0.199886992,0.201184124
Delta,38,1554190,0.19763185,0.197006247,0.198258375
Delta,39,1639453,0.19503905,0.194433015,0.195646081
Delta,40,1747397,0.191891988,0.191308509,0.192476267
Gamma,1,1,0,0,0
Gamma,2,42,0.093258581,0.037661639,0.220653952
Gamma,3,87,0.14320694,0.080696988,0.225788146
Gamma,4,158,0.121931845,0.078351301,0.18018297
Gamma,5,274,0.11626903,0.08395194,0.160221719
Gamma,6,371,0.123855845,0.094256934,0.161428668
Gamma,7,532,0.134985412,0.108870105,0.167035312
Gamma,8,791,0.145598685,0.122534248,0.171664747
Gamma,9,1156,0.152486051,0.132692807,0.174109088
Gamma,10,1639,0.168064829,0.150475613,0.18664855
Gamma,11,2302,0.175946283,0.160922846,0.192024902
Gamma,12,3157,0.177534816,0.164452806,0.191098576
Gamma,13,4140,0.170231232,0.159146534,0.1820445
Gamma,14,5549,0.177246161,0.167503805,0.187601156
Gamma,15,7188,0.177216269,0.168584782,0.186239718
Gamma,16,9259,0.181344624,0.173621555,0.18931692
Gamma,17,13522,0.182950348,0.17653462,0.189567672
Gamma,18,16545,0.183072305,0.177257345,0.189042711
Gamma,19,21272,0.183925947,0.178754791,0.189166805
Gamma,20,25380,0.183253151,0.178542871,0.188062064
Gamma,21,29277,0.182107456,0.177743302,0.186585079
Gamma,22,33716,0.182331417,0.178231876,0.186474511
Gamma,23,37310,0.181564676,0.17768122,0.185504156
Gamma,24,41097,0.180997236,0.177293948,0.18473858
Gamma,25,45619,0.17955408,0.176057287,0.183101438
Gamma,26,49410,0.179386815,0.176038687,0.182804929
Gamma,27,52740,0.178157776,0.174914731,0.181446145
Gamma,28,56336,0.17750126,0.174373142,0.180683617
Gamma,29,59772,0.176891563,0.173850587,0.179968632
Gamma,30,62763,0.176233199,0.173273319,0.179235123
Gamma,31,65436,0.175732028,0.172831903,0.178664082
Gamma,32,67940,0.175007695,0.172168518,0.177882952
Gamma,33,70014,0.174728258,0.171927273,0.177552817
Gamma,34,71811,0.174340719,0.171588968,0.17713897
Gamma,35,72938,0.174236579,0.171494572,0.177000079
Gamma,36,73895,0.173938562,0.171219893,0.176685988
Gamma,37,74532,0.17396635,0.171260823,0.176703875
Gamma,38,75019,0.173882881,0.171193772,0.176618189
Gamma,39,75459,0.173932383,0.17124754,0.176656687
Gamma,40,75726,0.173866992,0.171180849,0.176579572
